,t-statistic,p-value
E-D,16.750465454164768,9.731063787480069e-60
D-C,6.874584572676161,7.843074290243711e-12
C-B,-10.581245937762523,1.2737070195795088e-25
B-A,7.597953292274317,4.240332134370121e-14
