,Sensor,Lower boundary,Upper boundary
0,A,0,3.4832546660666437
1,B,0,3.47875961345936
2,C,0,3.716667048868832
3,D,0,4.167626197118608
4,E,0,1.9980217705703383
