,Sensor,Lower boundary,Upper boundary
0,A,0.1309954373087514,2.449618456067661
1,B,0.05971729479189025,2.4245314935764473
2,C,0.13166112161514465,2.61126531330806
3,D,0.21456125951912752,2.9487370428252557
4,E,0,1.3372991907651761
