,Sensor,Lower boundary,Upper boundary
0,A,10.160329557789364,25.77787722734794
1,B,10.070643845233857,26.060212374475352
2,C,10.045450097606988,25.780823144106776
3,D,10.128418419073155,25.864305913990705
4,E,9.798505299090747,26.90937348878804
