,Sensor,Lower boundary,Upper boundary
0,A,-0.9015683507485028,3.4821822441249153
1,B,-0.9934170385572185,3.4776658269255556
2,C,-0.9725928063563565,3.7155192412795612
3,D,-1.0030622461174779,4.166360548461862
4,E,-0.8048511298301292,1.997335978314978
