,Direction ‚ True,Wind Speed,Crosswind Speed,Headwind Speed,Temperature,Globe Temperature,Wind Chill,Relative Humidity,Heat Stress Index,Dew Point,Psychro Wet Bulb Temperature,Station Pressure,Barometric Pressure,Altitude,Density Altitude,NA Wet Bulb Temperature,WBGT,TWL,Direction ‚ Mag
sensor_a,209.40630048465266,1.2903069466882062,0.9649434571890154,0.16352988691437784,17.969103392568652,21.544588045234246,17.838206785137345,78.18477382875601,17.899596122778664,13.553877221324706,15.270718901453922,1016.168255250404,1016.1284329563692,-25.98707592891761,137.31663974151857,15.981542810985415,17.25432148626817,301.39293214862704,208.90508885298868
sensor_b,183.41235864297255,1.2421243941841686,0.8356219709208397,-0.12980613893376414,18.065428109854604,21.799434571890156,17.94592084006461,77.87831179321493,18.004281098546024,13.530856219709221,15.295516962843259,1016.6570274636506,1016.6164781906178,-30.05815831987076,135.58077544426493,15.996809369951551,17.321970920840037,299.45169628432944,183.2172859450727
sensor_c,183.58892481810832,1.3714632174616024,0.9632983023443815,-0.26289409862570745,17.913136620856882,21.587388843977312,17.772999191592564,77.96285367825398,17.828253839935364,13.458124494745366,15.196645109135003,1016.6893290218281,1016.6518997574651,-30.338722716248988,129.62287793047696,15.9342360549717,17.22502021018598,301.8997574777687,183.08367016976555
sensor_d,198.32659660468877,1.5816491511721917,1.2105092966855282,-0.300565885206144,17.99636216653193,21.35929668552949,17.83536782538397,77.942037186742,17.921624898949098,13.508609539207754,15.260185933710556,1016.7280113177055,1016.6888843977252,-30.653193209377527,132.41107518189168,15.915642683912703,17.17679870654811,305.2545675020211,197.8261924009701
sensor_e,223.95636363636365,0.5962424242424244,0.43850505050505023,0.19494949494949476,18.353939393939395,21.17616161616159,18.294020202020192,76.79305050505036,18.28642424242426,13.558787878787866,15.406666666666647,1016.1661010101001,1016.127797979786,-25.96121212121212,150.84,15.936888888888825,17.185535353535325,284.11531313131275,223.89656565656566
