,Direction ‚ True,Wind Speed,Crosswind Speed,Headwind Speed,Temperature,Globe Temperature,Wind Chill,Relative Humidity,Heat Stress Index,Dew Point,Psychro Wet Bulb Temperature,Station Pressure,Barometric Pressure,Altitude,Density Altitude,NA Wet Bulb Temperature,WBGT,TWL,Direction ‚ Mag
sensor_a,10108.940307762601,1.2511544916042492,0.9265927644783865,1.034940100520553,15.864269256376364,68.19135251709339,16.264446722475157,376.0100589791289,14.99684832166577,9.72347182976779,6.94402711933552,38.47126661118454,38.46795083631132,2663.6410450221115,26510.044345229355,10.0121076793786,16.13525808488765,814.7665641667074,10105.677048840587
sensor_b,9977.217770434556,1.3015015861359964,0.8785851079453664,1.2567193159380559,16.629066927759013,66.04931685187906,17.035825777973596,408.6230082195134,15.439157422365822,9.636518216086552,6.770262722540428,36.841934433184825,36.82886775346346,2545.708131394723,26863.31024036814,9.80925446223136,15.835355467436889,790.0692213638812,9975.446909156182
sensor_c,7703.363096053383,1.4309200578862875,1.0425748022049615,1.2717321788329317,16.104538236887244,67.9413047035714,16.5411226631615,374.6226430461106,15.356253561095237,10.084149493593053,7.239313446989819,37.6914914218262,37.67562315856838,2608.5346341948175,26986.60297012096,10.48027909670194,16.54674534936898,766.5335138918264,7704.620169945353
sensor_d,8133.890056588521,1.7398167696980256,1.4515029350126065,1.2325027123981849,16.105591289728583,61.202252800741135,16.556852129105902,389.8560404903271,15.117643779986343,10.071882982941721,7.044402876858267,34.98778358903481,34.952326858446234,2419.7235906888986,26516.1257325273,9.98743413996465,15.507184895170182,616.009807273444,8135.315512629364
sensor_e,9308.28507973837,0.5112267803336518,0.31594198410948615,0.31907310779582404,19.0431322113618,63.2155026416142,19.13706204486253,406.4944625984991,18.475240038215624,9.42258543396781,6.997445432497979,38.93991344977667,38.93517683871855,2692.3533857573307,29714.92750202102,9.432183526452889,15.489871530176462,1289.913383036509,9268.007890383218
